osm_id,highway,name,_sum,_mean,_median,_min,_max
"11591853",primary,Jalan Jend. Sudirman,72.6000022888184,36.3000011444092,36.3000011444092,36.2000007629395,36.4000015258789
